keyword,frequency
ゲーム,8
実況,4
マインクラフト,4
お笑い,3
アニメ,3
japan,3
にじさんじ,3
筋トレ,3
筋肉,3
ダイエット,3
プロテイン,3
nijisanji,3
Minecraft,3
マイクラ,3
ドラマ,3
k-pop,2
스키즈,2
TBS,2
舞元啓介,2
MURASH GAMING,2
ムラッシュゲーミング,2
プロゲーマー,2
Stray Kids,2
SKZ,2
ニコニコ,2
ストレイキッズ,2
うんこちゃん,2
加藤純一,2
Vtuber,2
スキズ,2
스트레이키즈,2
Japan,2
切り抜き,2
anime,2
ダンス,2
Youtuber,2
関西,2
ジャニーズ,2
ポケモンSV,2
葛葉,2
マッチョ,2
ポケモン剣盾,2
トレーニング,2
腹筋,2
バトル,2
主題歌,2
ポケットモンスター,2
ポケモン,2
痩せる,2
減量,2
japanese,2
K-POP,2
はじめしゃちょー,2
game,2
雑談,2
なにわ男子,2
フィジーク,2
大量,2
ドラえもん,2
セイキン,2
動画,2
サプライズ,2
seikin,2
お金,2
ドッキリ,2
dance,2
YouTube,2
商品紹介,2
ひかきん,2
ウーム,2
UUUM,2
YouTuber,2
ヒカキン,2
ユーチューバー,2
フィッシャーズ,2
フジテレビ,2
music,2
NPCJ,1
味覚,1
好物,1
カフェオレ,1
かわいい,1
グルメ,1
メンズフィジーク,1
水,1
ジョー・力一,1
nissy,1
西島隆弘,1
AAA,1
夢追翔,1
叶,1
利き○○,1
カジサックの小部屋,1
fitness,1
OMO,1
カジサックの部屋,1
吉本興業,1
運動,1
健康,1
よしもとクリエイティブエージェンシー,1
かじさっく,1
#吉本自宅劇場,1
モチベーション,1
chronoir,1
くろのわーる,1
クロノワール,1
やり方,1
バルクアップ,1
スクワット,1
夏の曲,1
VTuber,1
花火,1
ラトナ・プティ,1
ちいかわ,1
子供,1
ＴＢＳ,1
アンパンマン,1
井口裕香,1
芸人,1
東地宏樹,1
松岡禎丞,1
内田雄馬,1
キッズ,1
アニメちいかわ,1
ウサギ,1
ねこ,1
討伐,1
考察,1
朝,1
淺井孝行,1
昼寝,1
椎名唯華,1
しいなゆいか,1
shiinayuika,1
小澤亜李,1
めざましテレビ,1
新作アニメ,1
癒し,1
ずしり,1
魔界ノりりむ,1
ショートアニメ,1
すみっこぐらし,1
モルカー,1
にじ高,1
にじ甲,1
にじさんじ甲子園,1
パワプロ,1
栄冠,1
歌ってみた,1
声優,1
杉田智和,1
HYBE,1
吉本,1
패스트포워트,1
MusicVideo,1
MV,1
뮤직비디오,1
YGX,1
어때,1
스맨파,1
RIIZE,1
라이즈,1
Siren,1
performance,1
performance video,1
choreography,1
퍼포,1
퍼포 비디오,1
신인,1
SM,1
보이그룹,1
SUNGCHAN,1
SHOTARO,1
WONBIN,1
SOHEE,1
M/V,1
FF,1
SEUNGHAN,1
FastForward,1
덤덤,1
전소미 덤덤,1
덤덤 전소미,1
JEON,1
IOI,1
아이오아이,1
"프로듀서101
SOMI",1
XOXO,1
엑소엑소,1
엑스오엑스오,1
XOXOCHALLENGE,1
THEBLACKLABEL,1
JEONSOMI_XOXO,1
IAMSOMI,1
아이엠소미,1
TEASER,1
Anymore,1
전소미 Anymore,1
애니모어,1
GAMEPLAN,1
게임플랜,1
EUNSEOK,1
ANTON,1
西野,1
松尾,1
なーすけ,1
deadlift,1
脂肪,1
下っ腹,1
下腹部,1
胸筋,1
背筋,1
割る,1
ぷろたん,1
ルーティン,1
会社員,1
きんに君,1
薬学生トレーニー,1
竹脇まりな,1
マリネス,1
修一郎,1
カジサック,1
KAJISAC,1
キングコング,1
キンコン,1
梶原,1
朝活,1
長田,1
성찬,1
チョコレートプラネット,1
쇼타로,1
원빈,1
소희,1
은석,1
승한,1
앤톤,1
싸이렌,1
RISEandREALIZE,1
new boy group,1
boy group,1
debut,1
데뷔,1
なでしこジャパン,1
ジム,1
ジム女子,1
筋トレ女子,1
大会,1
レシピ,1
嫁にもろて,1
吉高由里子,1
チョコプラ,1
workout,1
シルクロード,1
squat,1
일본여행,1
日本に来て驚いた,1
日本在住韓国人,1
日本に住んでる韓国人,1
来日韓国人,1
来日外国人,1
日本在住外国人,1
Korea,1
Life,1
Tourism,1
観光,1
일본브이로그,1
大食い,1
일본vlog,1
日本vlog,1
韓国人 レビュー,1
外国人 レビュー,1
外国人 日本,1
外国人 日本語,1
먹방,1
일상vlog,1
モッパン,1
Food,1
日本文化,1
日本生活,1
日常vlog,1
韓国人日常,1
韓国語,1
韓国語勉強,1
韓国語会話,1
韓国語日常会話,1
韓国語単語,1
韓国語初級者,1
韓国語独学,1
韓国人ユーチューバー,1
韓国人,1
韓国人男子,1
韓国人男性,1
韓国人の友達,1
韓国紹介,1
韓国情報,1
韓国文化,1
韓国紹介ユーチューバー,1
韓国人の反応,1
韓国の反応,1
外国の反応,1
海外の反応,1
日本旅行,1
フード,1
食べレポ,1
bench,1
ディグ,1
TikTok,1
れいくれ,1
面白い,1
給料,1
給料日,1
大豪遊,1
散財,1
大金,1
アメ村,1
古着,1
ショッピング,1
外国人 食事,1
爆買い,1
らっだぁ,1
ゲーム実況,1
ニコ生,1
ソード,1
シールド,1
ポケモンソードシールド,1
実況動画,1
ゲーム動画,1
スカーレット,1
新世代,1
平成フラミンゴ,1
エスポワール,1
神回,1
일본전차,1
케이세이센,1
제이알,1
일본 지하철,1
日本の駅,1
観光名所駅,1
面白い駅,1
漫画のキャラクター駅,1
キャプテン翼,1
캡틴츠바사,1
キャプテン翼駅,1
京成線キャプテン翼,1
レイクレ,1
ともやん,1
急上昇,1
コムドット,1
どば師匠,1
てっちゃん,1
たかし,1
ぺろ愛男爵,1
東海オンエア,1
日本と韓国,1
国,1
外国人の反応,1
投稿,1
おもしろ,1
挑戦,1
SilkRoad,1
Dama,1
Ndaho,1
Zakao,1
Motoki,1
Masai,1
シルクの部屋,1
毎日,1
面白,1
翼,1
面白動画,1
やってみた,1
ウケる,1
爆笑,1
大爆笑,1
コント,1
一発芸,1
ギャグ,1
ネタ,1
楽しい,1
モトキ,1
ダーマ,1
ンダホ,1
ザカオ,1
muscles,1
diet,1
kanekin,1
フィットネス,1
ハーフ,1
デッドリフト,1
バイセップ,1
カール,1
レッグプレス,1
オートミール,1
ワークアウト,1
IFBBプロ,1
カネキンジム,1
Fischer's,1
野生児,1
MASAI.,1
無謀,1
自然,1
チャレンジ,1
DUMBDUMB,1
マサイ,1
笑える,1
オススメ,1
youtuber,1
モッツァレラ,1
バジリスク,1
バジル,1
部活,1
パン,1
ターミネーター,1
ウィ・ウィル・ロック・ユー,1
We Will Rock You,1
クイーン,1
ハリーポッター,1
賢者の石,1
日本の電車,1
初めて韓国,1
初めて日本,1
韓国の高校生,1
電車,1
地下鉄,1
日本の地下鉄,1
東京メトロ,1
京成線,1
JR,1
電車乗り換え,1
チーズ,1
ワンピース,1
Blog,1
最大,1
Vlog,1
腹筋崩壊,1
抱腹絶倒,1
都市伝説,1
身体張る,1
スポーツ,1
講座,1
ビログ,1
ビデオブロガー,1
大学生,1
軍団,1
イケメン,1
ウオタミ,1
ギガ鉄板,1
巨大料理,1
食材,1
巨大,1
ピザ,1
マルゲリータ,1
鉄板,1
規模,1
dumbdumb,1
新居,1
DUMB DUMB,1
メトロック,1
かんじゃに,1
せきじゃに,1
johnnys,1
横山裕,1
丸山隆平,1
大倉忠義,1
安田章大,1
村上信五,1
カラオケ,1
警部補ダイマジン,1
生田斗真,1
キャンジャニ,1
ないわぁ〜フォーリンラブ,1
横子,1
丸子,1
倉子,1
安子,1
村子,1
邦ロック,1
バンド,1
ロッキン,1
関ジャニ∞,1
マイクラ実況,1
限界メンバー,1
パラドックスポケモン,1
パルデア地方,1
ミライドン,1
コライドン,1
ニャオハ,1
ホゲータ,1
クワッス,1
ペパー,1
コレクレー,1
サーフゴー,1
テラレイドバトル,1
限界,1
テラスタル,1
ポケモン1008,1
ナンジャモ,1
PokémonPresents,1
PokemonPresents,1
vq=hd1080,1
ぐちつぼ,1
実況プレイ,1
人狼,1
fujirock,1
CDJ,1
ポケモンスカーレット,1
カウントダウンジャパン,1
jpop,1
なにふぁむ,1
西畑大吾,1
大西流星,1
道枝駿佑,1
高橋恭平,1
長尾謙杜,1
藤原丈一郎,1
大橋和也,1
sing,1
MakeUpDay,1
メイクアップデイ,1
Make Up,1
Missing,1
紅さすライフ,1
シンドラ,1
ノッキンオン・ロックドドア,1
ノキドア,1
オシドラ,1
LE SSERAFIM UNFORGIVEN UNFORGIVEN feat. Nile Rodgers,1
Ado -Japanese ver.-,1
johnny's,1
video,1
mv,1
KisMyFt2,1
FES,1
フェス,1
WANIMA,1
YONFES,1
アラバキ,1
King&Prince,1
SnowMan,1
SixTONES,1
KinkiKids,1
TOKIO,1
musicvideo,1
嵐,1
少年隊,1
ジャニーズWEST,1
JStorm,1
ジェイ・ストーム,1
なにわ,1
浪花男子,1
NANIWA,1
大阪,1
ポケモンバイオレット,1
ポケセン,1
リョクシャカ,1
映画,1
ハロー,1
HELLO,1
Laughter,1
ラフター,1
パラボラ,1
コンフィデンスマン,1
アルバム,1
AL,1
ALBUM,1
ペンディング,1
pennding,1
ペンディングマシーン,1
コンフィデンスマンJP英雄編,1
コンフィデンスマンJP,1
英雄編,1
anarchy,1
アナーキー,1
のび太の宇宙小戦争2021,1
ライブ映像,1
ツアー,1
スパイファミリー,1
エディトリアル,1
editorial,1
apoptosis,1
ひげだん,1
하이브,1
하이브레이블즈,1
정국,1
Jung Kook,1
Seven,1
SPY×FAMILY,1
ミックスナッツ,1
髭男,1
髭男dism,1
ヒゲダン,1
アポトーシス,1
髭ダン,1
アイラブ,1
ilove,1
ユニバース,1
universe,1
クライベイビー,1
crybaby,1
リベンジャーズ,1
東リベ,1
mixednuts,1
異動辞令は音楽隊,1
ポケモンカード,1
警察音楽隊,1
#ガンダム,1
#ガンチャン,1
ぽけもん,1
Pokémon,1
Pokemon,1
ピカチュウ,1
イーブイ,1
コイキング,1
ミミッキュ,1
ヤドン,1
メタモン,1
ポケモンGO,1
Pokémon GO,1
アニポケ,1
ポケどこ,1
ポケカ,1
だいすきクラブ,1
ポケモンセンター,1
剣盾,1
赤緑,1
GOTCHA,1
#機動戦士ガンダム,1
#ガンダムSEED,1
#SEEDDESTINY,1
まいぜんシスターズ,1
silent,1
木曜劇場,1
subtitle,1
聖夜決戦,1
ペンディングトレイン,1
Nコン,1
まいぜん,1
マイッキー,1
ぜんいち,1
エンターテインメント,1
#SEED,1
まいくら,1
まいもとけいすけ,1
maimotokeisuke,1
舞元力一,1
hajime,1
funny,1
crazy,1
はじめ,1
#SEEDFREEDOM,1
緑黄色社会,1
りょくしゃか,1
dumb dumb,1
LIPGLOSS,1
NEW,1
SUNWOO,1
ERIC,1
EXO,1
BTS,1
TWICE,1
TXT,1
BLACKPINK,1
D.D.D,1
WHITE,1
REVEAL,1
THE STEALER,1
THRILL RIDE,1
스릴라이드,1
IST,1
IST ENTERTAINMENT,1
아이에스티,1
아이에스티엔터테인먼트,1
위스퍼,1
WHISPER,1
ROAR,1
JUHAKNYEON,1
KEVIN,1
JUYEON,1
제이콥,1
더보이즈,1
BOY GROUP,1
IDOL,1
IDOL GROUP,1
아이돌그룹,1
BOY,1
일상캠,1
리얼리티,1
상연,1
영훈,1
HYUNJAE,1
현재,1
주연,1
케빈,1
주학년,1
선우,1
에릭,1
SANGYEON,1
JACOB,1
YOUNGHOON,1
로어,1
립글로즈,1
Creker,1
PHANTASY,1
マンション,1
KPOP,1
SOMI,1
Jeon Somi,1
전소미,1
소미,1
blackpink,1
yg entertainment,1
music video,1
YG,1
pop,1
r&b,1
what you waiting for,1
single,1
birthday,1
theblacklabel,1
sm entertainment,1
jyp entertainment,1
bts,1
big hit entertainment,1
hip hop,1
家,1
一軒家,1
家族,1
Beatbox,1
판타지,1
ヒカキンtv,1
hikakintv,1
hikakin,1
ひかきんtv,1
おもちゃ,1
オモチャ,1
玩具,1
ビートボックス,1
ボイパ,1
ママキン,1
ヒューマンビートボックス,1
ボイスパーカッション,1
レビュー,1
引越し,1
20億,1
HYBE LABELS,1
豪邸,1
引っ越し,1
どこ,1
THE BOYZ,1
크래커,1
真夏のシンデレラ,1
旧車 錆 修理,1
無制限,1
無限,1
ufoキャッチャー,1
ゲーセン,1
ゲームセンター,1
HikakinTV,1
ヒカキンTV,1
クレーンゲーム,1
専門店,1
宇宙一,1
兄弟対決,1
クレーンゲームバトル,1
旧車,1
旧車 鈑金,1
旧車 板金,1
ビッグモーター,1
中古車 嘘,1
旧車 偽物,1
旧車 さび,1
旧車 錆,1
旧車 壊れる,1
金額,1
ヒカキン & セイキン,1
HIKAKIN & SEIKIN,1
吉川愛,1
サマータイムシンデレラ,1
マジックアワー,1
Mela,1
メラ,1
キャラクター,1
長屋晴子,1
森七菜,1
間宮祥太朗,1
神尾楓珠,1
萩原利久,1
兄弟,1
白濱亜嵐,1
仁村紗和,1
水上恒司,1
大西利空,1
SeikinTV,1
TV,1
せいきん,1
セイキンTV,1
せいきんTV,1
旧車 フェアレディ,1
旧車番組,1
Cre.ker Entertainment,1
旧車 人気,1
車 凹み 修理 本気,1
旧車 修理 自分で,1
旧車 事故,1
急上昇ランキング,1
旧車 塗装 剥がし,1
中古車 アルアル,1
中古車 目利き,1
中古車 NGワード,1
中古車とは,1
旧車とは,1
旧車いじり,1
旧車 プロ,1
旧車 初心者,1
旧車 今から,1
旧車 現代,1
旧車 安全,1
旧車 整備,1
整備 自分で,1
板金 自分で,1
錆取り 自分で,1
크래커엔터테인먼트,1
旧車 凹み,1
車 直しかた,1
車 板金,1
旧車 雑学,1
旧車 diy,1
旧車 自分で,1
旧車 面白い,1
旧車 おもしろ,1
車 知識,1
旧車 知識,1
車 豆知識,1
旧車 豆知識,1
旧車 学べる,1
車 雑学,1
旧車 塗装,1
旧車 おじさん,1
旧車 かっこいい,1
旧車 Nissan,1
旧車 トヨタ,1
旧車 カローラ,1
旧車 フェアレディz,1
フェアレディz,1
日産 旧車,1
トヨタ 旧車,1
バイオレット,1
